{"shared":{"allowAfkFarming":false,"locale":"de"},"server":{"unemployedJob":"unemployed","reviveRemoveOnuse":false,"reviveItemName":"medikit","lockpickItemName":"lockpick","enablePropertyOutfits":true,"unemployedGrade":0,"areDiscordLogsActive":false,"canAlwaysCarryItem":false,"healRemoveOnuse":false,"cleanVehicleRequireItem":false,"healRequireItem":false,"depositableInSafeAccounts":["money","black_money"],"enableCashInSafesOldESX":true,"cleanVehicleRemoveOnUse":false,"handcuffsItemName":"handcuffs","parkAllOwnedVehiclesOnRestart":false,"robbableAccounts":["money","black_money"],"acePermission":"jobcreator","lockpickCarRequireItem":false,"repairVehicleRequireItem":false,"mainDiscordWebhook":"","handcuffRequireItem":false,"healItemName":"bandage","specificWebhooks":[],"lockpickRemoveOnUse":false,"reviveRequireItem":false,"repairVehicleItemName":"fixkit","repairVehicleRemoveOnUse":false,"cleanVehicleItemName":"sponge"},"client":{"enableAlarmWhenLockpicking":true,"textFont":0,"textSize":1,"canUseActionsMenuWhileOffDuty":false,"carLockpickTime":10,"actionsMenuKey":"f6","licenses":{"weapon":{"weapon":true},"driver":{"drive_truck":true,"driver":true,"drive_bike":true,"dmv":true,"drive":true}},"marketSellOnePerTime":false,"menuPosition":"top-right","markerDistance":10,"useJSFourIdCard":false,"freezeWhenHandcuffed":false,"use3Dtext":false}}