{
    "menu:jobs": "<i class=\"bi bi-briefcase-fill\"></i> Jobs",
    "menu:public_markers": "<i class=\"bi bi-suit-diamond-fill\"></i> Öffentliche Markierungen",
    "menu:statistics": "<i class=\"bi bi-bar-chart-fill\"></i> Statistiken",
    "menu:settings": "<i class=\"bi bi-gear-fill\"></i> Einstellungen",

    "menu:create_new_job": "Job erstellen",

    "menu:job_label": "Job Kategorie",
    "menu:job_id": "Job ID",
    "menu:ranks": "Ränge",

    "menu:create_new_marker": "Neuer Aktionspunkt",

    "menu:marker:id": "ID",
    "menu:marker:label": "Titel",
    "menu:marker:type": "Marker ID",
    "menu:marker:x": "X",
    "menu:marker:y": "Y",
    "menu:marker:z": "Z",
    "menu:marker:minimum_grade": "Minimaler Rang",

    "menu:online_players": "Spieler Online",
    "menu:total_players": "Alle Spieler",
    "menu:society_money": "Gesellschafts Geld",

    "menu:job:ranks": "<i class=\"bi bi-briefcase-fill\"></i> Ränge",
    "menu:job:markers": "<i class=\"bi bi-suit-diamond-fill\"></i> Aktionspunkte",
    "menu:job:statistics": "<i class=\"bi bi-bar-chart-fill\"></i> Statistiken",
    "menu:job:settings": "<i class=\"bi bi-gear-fill\"></i> Einstelungen",

    "menu:create_new_rank": "Neuer Rang",

    "menu:rank:id": "ID",
    "menu:rank:label": "Kategorie",
    "menu:rank:name": "Name",
    "menu:rank:grade": "Stufe",
    "menu:rank:salary": "Gehalt",

    "menu:job_settings:whitelisted": "Whitelisted",
    "menu:job_settings:enable_billing": "Rechnungsmenü",
    "menu:job_settings:enable_search_players": "Ausrauben",
    "menu:job_settings:enable_handcuff_players": "Fesseln",
    "menu:job_settings:enable_lockpick_players": "Fahrzeuge aufbrechen",
    "menu:job_settings:enable_wash_vehicles": "Fahrzeuge waschen",
    "menu:job_settings:enable_repair_vehicles": "Fahrzeuge reparieren",
    "menu:job_settings:enable_impound_vehicles": "Fahrzeuge abschleppen",
    "menu:job_settings:enable_check_identities": "Identitäten abrufen",
    "menu:job_settings:enable_check_vehicle_owner": "Fahrzeugbesitzer identifizieren",
    "menu:job_settings:enable_check_driving_license": "Fahrlizenz abrufen",
    "menu:job_settings:enable_check_weapon_license": "Waffenlizenz abrufen",
    "menu:job_settings:enable_heal": "Heilen",
    "menu:job_settings:enable_revive": "Wiederbeleben",

    "menu:job_settings:delete_job": "Job löschen",
    "menu:job_settings:save_changes": "Anwenden",

    "menu:rank_creation:create_rank": "Neuer Rang",
    "menu:rank_creation:label": "Kategorie",
    "menu:rank_creation:name": "Name (ID)",
    "menu:rank_creation:grade": "Stufe",
    "menu:rank_creation:salary": "Gehalt",
    "menu:rank_creation:close": "Schließen",
    "menu:rank_creation:create": "Erstellen",
    
    "menu:rank_edit:edit": "Rang editieren",
    "menu:rank_edit:label": "Kategorie",
    "menu:rank_edit:name_id": "Name (ID)",
    "menu:rank_edit:grade": "Stufe",
    "menu:rank_edit:salary": "Gehalt",
    "menu:rank_edit:delete": "Löschen",
    "menu:rank_edit:close": "Schließen",
    "menu:rank_edit:save": "Speichern",

    "menu:delete_dialog:delete": "Löschen",
    "menu:delete_dialog:close": "Schließen",

    "menu:edit_marker:edit_marker": "Aktionspunkt bearbeiten",
    "menu:edit_marker:label": "Kategorie",
    "menu:edit_marker:marker_type": "Marker-Typ",
    "menu:edit_marker:minimum_grade": "Minimale Stufe",
    "menu:edit_marker:specific_grades": "Spezifische Stufe",
    "menu:edit_marker:choose_grades": "Wähle Stufe",
    "menu:edit_marker:use_minimum_grade": "Minimale Stufe",
    "menu:edit_marker:use_specific_grades": "Spezifische Stufe ",
    "menu:edit_marker:marker_size": "Aktions Bereich",
    "menu:edit_marker:scale_x": "Scale X",
    "menu:edit_marker:scale_y": "Scale Y",
    "menu:edit_marker:scale_z": "Scale Z",
    "menu:edit_marker:marker_coordinates": "Aktions Koordinaten",
    "menu:edit_marker:coord_x": "Coord X",
    "menu:edit_marker:coord_y": "Coord Y",
    "menu:edit_marker:coord_z": "Coord Z",
    "menu:edit_marker:current_coords": "Aktuelle Koordinaten",
    "menu:edit_marker:marker_color": "Aktions Farbe",
    "menu:edit_marker:marker_opacity": "Deckkraft",
    "menu:edit_marker:map_blip": "Karten Blip",
    "menu:edit_marker:blip_sprite": "Blip ID",
    "menu:edit_marker:blip_color": "Farbe",
    "menu:edit_marker:blip_scale": "Größe",
    "menu:edit_marker:standing_npc": "Stehender NPC",
    "menu:edit_marker:npc_model": "Model",
    "menu:edit_marker:npc_heading": "Richtung",
    "menu:edit_marker:npc_current_heading": "Aktuelle Richtung",
    "menu:edit_marker:object": "Objekt",
    "menu:edit_marker:object_model": "Model",
    "menu:edit_marker:object_rotation_pitch": "x",
    "menu:edit_marker:object_rotation_roll": "y",
    "menu:edit_marker:object_rotation_yaw": "z",

    "menu:grades_dialog:title": "Job Stufen",

    "menu:edit_marker:temporary_garage:vehicle_spawnpoint": "Fahrzeug ausparkpunkt",
    "menu:edit_marker:temporary_garage:spawnpoint_heading": "Erscheinungsrichtung",
    "menu:edit_marker:temporary_garage:current_cooords_and_heading": "Aktuelle Koordinaten und Richtung",
    "menu:edit_marker:temporary_garage:vehicle_model": "Fahrzeug Model",
    "menu:edit_marker:temporary_garage:vehicle_name": "Fahrzeug Name",
    "menu:edit_marker:temporary_garage:vehicle_primary_color": "Primär Farbe",
    "menu:edit_marker:temporary_garage:vehicle_secondary_color": "Zweit Farbe",
    "menu:edit_marker:temporary_garage:vehicle_plate": "Nummernschild",
    "menu:edit_marker:temporary_garage:delete": "Löschen",
    "menu:edit_marker:temporary_garage:new_vehicle_model": "Neues Auto Model",
    "menu:edit_marker:temporary_garage:cant_be_empty": "Kann nicht leer sein",
    "menu:edit_marker:temporary_garage:add_vehicle": "Fahrzeug hinzufügen",

    "menu:edit_marker:boss:can_wash_money": "Geldwäsche?",
    "menu:edit_marker:boss:return_percentage_after_wash": "Rückgabequote in %",
    "menu:edit_marker:boss:add_money_to_society_account": "Gemeinschaftsgeld einzahlen",
    "menu:edit_marker:boss:can_withdraw_money": "Gemeinschaftsgeld abheben?",
    "menu:edit_marker:boss:can_deposit_money": "Gemeinschaftsgeld einzahlen?",
    "menu:edit_marker:boss:can_manage_employees": "Mitarbeiter - Verwaltung?",
    "menu:edit_marker:boss:can_manage_wages": "Rang | Gehalt - Verwaltung?",

    "menu:edit_marker:shop:add_to_shop": "Zum Laden hinzufügen",
    "menu:edit_marker:shop:item_id": "Gegenstand ID",
    "menu:edit_marker:shop:item_price": "Preis",
    "menu:edit_marker:shop:black_money": "Schwarzgeld?",
    "menu:edit_marker:shop:remove_item": "Gegenstand entfernen",

    "menu:edit_marker:garage_buyable:vehicle_spawnpoint": "Fahrzeug ausparkpunkt",
    "menu:edit_marker:garage_buyable:spawnpoint_heading": "Erscheinungsrichtung",
    "menu:edit_marker:garage_buyable:current_cooords_and_heading": "Aktuelle Koordinaten und Richtung",
    "menu:edit_marker:garage_buyable:new_vehicle_model": "Neues Fahrzeug Model",
    "menu:edit_marker:garage_buyable:add_vehicle": "Füge Fahrzeug hinzu",
    
    "menu:edit_marker:garage_owned:vehicle_spawnpoint": "Fahrzeug ausparkpunkt",
    "menu:edit_marker:garage_owned:spawnpoint_heading": "Erscheinugsrichtung",
    "menu:edit_marker:garage_owned:current_cooords_and_heading": "Aktuelle Koordinaten und Richtung",

    "menu:edit_marker:crafting_table:create_new_craft": "Neues Handwerk",

    "menu:edit_marker:armory:is_armory_shared": "Gemeinsame nutzung?",
    "menu:edit_marker:armory:max_ammo_when_take": "Maximale Munition beim herausnehmen",
    "menu:edit_marker:armory:delete_armory_content": "Inhalt der Waffenkammer löschen",

    "menu:edit_marker:stash:delete_stash_content": "Inhalt des Lagers löschen",

    "menu:edit_marker:job_outfit:create_new_outfit": "Erstelle ein neues Outfit",

    "menu:edit_marker:teleport:teleport_to": "Teleportiere zu",
    "menu:edit_marker:teleport:current_coords": "Aktuelle Koordinaten",

    "menu:edit_marker:market:item_id": "Gegenstands ID",
    "menu:edit_marker:market:item_min_price": "Minimaler Preis",
    "menu:edit_marker:market:item_max_price": "Maximaler Preis",
    "menu:edit_marker:market:black_money": "Schwarzgeld?",
    "menu:edit_marker:market:time_to_sell": "Verkaufszeit",
    "menu:edit_marker:market:remove": "Entfernen",
    "menu:edit_marker:market:add_item": "Gegenstand hinzufügen",

    "menu:edit_marker:harvest:requires_a_tool": "Benötigt ein Werkzeug?",
    "menu:edit_marker:harvest:tool_to_harvest": "Werkzeug zum sammeln",
    "menu:edit_marker:harvest:lose_on_use": "Verlieren bei nutzung?",
    "menu:edit_marker:harvest:quantity_to_lose": "Anzahl zu verlieren",
    "menu:edit_marker:harvest:probability_to_lose": "Wahrscheinlichkeit zu verlieren",
    "menu:edit_marker:harvest:disappear_after_use": "Verschwinden nach Gebrauch",
    "menu:edit_marker:harvest:disappear_seconds": "Wieviele Sekunden?",
    "menu:edit_marker:harvest:animations": "Animationen",
    "menu:edit_marker:harvest:add_item": "Gegenstand hinzufügen",

    "menu:edit_marker:process:remove_item": "Entferne Gegenstand",
    "menu:edit_marker:process:give_item": "Gebe Gegenstand",
    "menu:edit_marker:process:time_to_process": "Herstellungszeit",
    "menu:edit_marker:process:animations": "Animationen",

    "menu:edit_marker:weapon_upgrader:extended_clip": "Erweitertes Magazin",
    "menu:edit_marker:weapon_upgrader:drum_clip": "Trommelmagazin",
    "menu:edit_marker:weapon_upgrader:flashlight": "Taschenlampe",
    "menu:edit_marker:weapon_upgrader:suppressor": "Schaldämpfer",
    "menu:edit_marker:weapon_upgrader:scope": "Zielvisier",
    "menu:edit_marker:weapon_upgrader:advanced_scope": "Verbessertes Zielvisier",
    "menu:edit_marker:weapon_upgrader:grip": "Griff",
    "menu:edit_marker:weapon_upgrader:box_clip": "Box Clip",
    "menu:edit_marker:weapon_upgrader:luxary_finish": "Luxuriöse Ausführung",
    "menu:edit_marker:weapon_upgrader:default_tint": "Standart Farbe",
    "menu:edit_marker:weapon_upgrader:green_tint": "Green farbe",
    "menu:edit_marker:weapon_upgrader:gold_tint": "Gold farbe",
    "menu:edit_marker:weapon_upgrader:pink_tint": "Pink farbe",
    "menu:edit_marker:weapon_upgrader:army_tint": "Army farbe",
    "menu:edit_marker:weapon_upgrader:lspd_tint": "LSPD farbe",
    "menu:edit_marker:weapon_upgrader:orange_tint": "Orange farbe",
    "menu:edit_marker:weapon_upgrader:platinum_tint": "Platinum farbe",

    "menu:edit_marker:job_shop:job_allowed_to_sell": "Zugelassener Job",
    "menu:edit_marker:job_shop:allowed_job": "Erlaubt Job zu verkaufen",
    "menu:edit_marker:job_shop:minimum_grade": "Minimaler Rang um zu verkaufen",

    "menu:edit_marker:delete_marker": "Lösche Markierung",
    "menu:edit_marker:close": "Schließen",
    "menu:edit_marker:save": "Speichern",

    "menu:input_text:close": "Schließen",
    "menu:input_text:confirm": "Bestätigen",

    "menu:notification:notification": "Benachrichtigung",
    "menu:notification:close": "Schließen",

    "menu:not_allowed:you_are_not_allowed": "Du bist nicht dazu berechtigt dieses Menü zu benutzen!",
    "menu:not_allowed:if_you_are_admin": "Wenn Sie ein Server-Administrator sind, müssen Sie die ACE-Berechtigung zu Ihrer server.cfg hinzufügen",

    "menu:animations:animations": "Animationen",
    "menu:animations:add_animation": "Füge Animation hinzu",
    "menu:animations:close": "Schließen",
    "menu:animations:save": "Speichern",

    "menu:dynamic:create_new_job": "Neuer Job",
    "menu:dynamic:new_job_label": "Neuer Name:",
    "menu:dynamic:new_job_name": "Neuer Job Name (ID):",

    "menu:dynamic:delete_job": "Job löschen",
    "menu:dynamic:delete_job_confirm": "Bist du dir sicher, dass du den Job löschen möchtest?",

    "menu:dynamic:job_markers:create_marker": "Neue Markierung",
    "menu:dynamic:job_markers:label": "Name",
    "menu:dynamic:job_markers:coord_x": "Coord X",
    "menu:dynamic:job_markers:coord_y": "Coord Y",
    "menu:dynamic:job_markers:coord_z": "Coord Z",
    "menu:dynamic:job_markers:current_coords": "Aktuelle Koordinaten",
    "menu:dynamic:job_markers:min_grade": "Stufe",

    "menu:dynamic:public_markers:create_public_marker": "Erstelle eine öffentliche Markierung",
    "menu:dynamic:public_markers:label": "Name",
    "menu:dynamic:public_markers:coord_x": "Coord X",
    "menu:dynamic:public_markers:coord_y": "Coord Y",
    "menu:dynamic:public_markers:coord_z": "Coord Z",
    "menu:dynamic:public_markers:current_coords": "Aktuelle Koordinaten",

    "menu:dynamic:harvest:name": "Name (ID)",
    "menu:dynamic:harvest:min_quantity": "Mindestanzahl",
    "menu:dynamic:harvest:max_quantity": "Maximalanzahl",
    "menu:dynamic:harvest:time_to_harvest": "Erntedauer (Sec)",
    "menu:dynamic:harvest:probabilty": "Ernte - Warscheinlichkeit",

    "menu:dynamic:default": "Standart",

    "menu:dynamic:animations:animation_dictionary": "Liste der Animationen:",
    "menu:dynamic:animations:animation_name": "Animations name:",
    "menu:dynamic:animations:animation_duration": "Animations länge (Sec):",
    "menu:dynamic:animations:scenario_name": "Name des Szenarios",
    "menu:dynamic:animations:scenario_duration": "Szenario dauer (Sec):",
    "menu:dynamic:animations:remove": "Entferne",

    "menu:dynamic:marker_info:stash": "Lager",
    "menu:dynamic:marker_info:stash_settings": "Lager Einstellungen",
    "menu:dynamic:marker_info:armory": "Waffenkammer",
    "menu:dynamic:marker_info:armory_settings": "Waffenkammer Einstellungen",
    "menu:dynamic:marker_info:safe": "Tresor",
    "menu:dynamic:marker_info:temporary_garage": "Garage - Temporäre Fahrzeuge",
    "menu:dynamic:marker_info:temporary_garage_settings": "Garage - Einstellungen",
    "menu:dynamic:marker_info:garage_buyable": "Garage - Kaufbare Fahrzeuge",
    "menu:dynamic:marker_info:garage_buyable_settings": "Garage - Einstellungen",
    "menu:dynamic:marker_info:garage_owned": "Autos im Besitz",
    "menu:dynamic:marker_info:garage_owned_settings": "Garage - Einstellungen",
    "menu:dynamic:marker_info:boss": "Boss",
    "menu:dynamic:marker_info:boss_settings": "Boss - Einstellungen",
    "menu:dynamic:marker_info:wardrobe": "Garderobe - Gespeicherte Outfits vom Spieler",
    "menu:dynamic:marker_info:job_outfit": "Job Outfit",
    "menu:dynamic:marker_info:job_outfit_settings": "Outfits",
    "menu:dynamic:marker_info:shop": "Geschäft (kaufbare Gegenstände)",
    "menu:dynamic:marker_info:shop_settings": "Geschäft Gegenstände",
    "menu:dynamic:marker_info:market": "Markt (verkaufe Gegenstände)",
    "menu:dynamic:marker_info:market_settings": "Markt Gegenstände",
    "menu:dynamic:marker_info:harvest": "Ernte punkt",
    "menu:dynamic:marker_info:harvest_settings": "Erntbare Gegenstände",
    "menu:dynamic:marker_info:process": "Verarbeitungspunkt",
    "menu:dynamic:marker_info:process_settings": "Verarbeitungs Gegenstände",
    "menu:dynamic:marker_info:crafting_table": "Werkzeugtisch",
    "menu:dynamic:marker_info:crafting_table_settings": "Handwerksrezepte",
    "menu:dynamic:marker_info:teleport": "Teleportions Punkt",
    "menu:dynamic:marker_info:teleport_settings": "Teleportions Einstellungen",
    "menu:dynamic:marker_info:weapon_upgrader": "Waffen Verbesserer",
    "menu:dynamic:marker_info:weapon_upgrader_settings": "Komponenten/Farben preise",
    "menu:dynamic:marker_info:duty": "An/Aus Dienst",
    "menu:dynamic:marker_info:job_shop": "Job Geschäft",
    "menu:dynamic:marker_info:job_shop_settings": "Geschäfts einstellungen",

    "menu:dynamic:marker:crafting_table:time_to_craft": "Herstellungszeit (Sec)",
    "menu:dynamic:marker:crafting_table:result_item": "Ergebnis",
    "menu:dynamic:marker:crafting_table:quantity": "Menge",
    "menu:dynamic:marker:crafting_table:item_id": "Gegenstand ID",
    "menu:dynamic:marker:crafting_table:item_quantity": "Menge",
    "menu:dynamic:marker:crafting_table:lose_on_use": "Verlieren beim benutzen",
    "menu:dynamic:marker:crafting_table:remove": "Entferne",
    "menu:dynamic:marker:crafting_table:animations": "Animationen",
    "menu:dynamic:marker:crafting_table:add_to_craft": "Hinzufügen zum herstellen",
    "menu:dynamic:marker:crafting_table:remove_craft": "Entferne Herstellung",

    "menu:dynamic:marker:temporary_garage:delete": "Lösche",
    "menu:dynamic:marker:temporary_garage:random_plate": "Zufalls Nummernschild",

    "menu:datatable:lengthMenu": "_MENU_ Ergebnisse anzeigen",
    "menu:datatable:zeroRecords": "Keine Ergebnisse",
    "menu:datatable:info": "Zeige _Seiten_ von _Seiten_",
    "menu:datatable:infoEmpty": "Keine ergebnisse verfügbar",
    "menu:datatable:infoFiltered": "(gefiltert aus _MAX_ Ergebnissen)",
    "menu:datatable:search": "Suche:",
    "menu:datatable:next": "Nächste",
    "menu:datatable:previous": "vorherige",

    "menu:chart:players_in_rank": "Spieler im rang",

    "menu:settings:player_menu_position": "Menü Position",
    "menu:settings:player_menu_position:bottom_right": "Unten Rechts",
    "menu:settings:player_menu_position:top_right": "Oben Rechts",
    "menu:settings:player_menu_position:bottom_left": "Unten Links",
    "menu:settings:player_menu_position:top_left": "Oben Links",
    "menu:settings:max_distance_marker": "Maximale Betrachtungsdistanz",
    "menu:settings:use3Dtext": "3D-Text anstelle von Markierungen verwenden",
    "menu:settings:text_size": "Text Größe",
    "menu:settings:font_to_use": "Zu verwendende Schriftart",
    "menu:settings:seconds_to_lockpick_car": "Sekunden, um ein Auto zu knacken",
    "menu:settings:vehicle_alarm": "Alarm während Fahrzeug aufbruch?",
    "menu:settings:jsfour_idcard": "Verwendung von 'jsfour-idcard'?",
    "menu:settings:can_use_actions_off_duty": "F6 Menü außerhalb vom Dienst nutzbar?",
    "menu:settings:car_driving_licenses_ids": "Fahrzeuglizenzen IDs",
    "menu:settings:weapon_licenses_ids": "Waffenlizenzen IDs",
    "menu:settings:new_driving_license": "Neue Fahrzeuglizenz",
    "menu:settings:add": "Hinzufügen",
    "menu:settings:new_weapon_license": "Neue Waffenlizenz",
    "menu:settings:can_sell_multiple_items": "Mehrere Items gleichzeitig verkaufen?",
    "menu:settings:language": "Sprache",
    "menu:settings:allow_afk_farming": "Automatisches ernten am Farm-Aktionspunkt?",
    "menu:settings:unemployed_job_id": "Arbeitslosen Job-ID",
    "menu:settings:unemployed_job_grade": "Arbeitslosigkeitsgrad",
    "menu:settings:ace_permission": "ACE-Erlaubnis",

    "menu:settings:enable_discord_logs": "Discord-Protokolle aktivieren",
    "menu:settings:discord_webhooks": "Discord-Webhooks",
    "menu:settings:main_webhook": "Haupt Webhook",
    "menu:settings:separated_webhooks": "Getrennte webhooks",

    "menu:settings:handcuffs_requires_item": "Fesseln erfordert Item?",
    "menu:settings:handcuffs_item_name": "Handschellen Item-ID",

    "menu:settings:lockpick_requires_item": "Fahrzeug aufbrechen erfordert Item?",
    "menu:settings:lockpick_item_name": "Dietrich Item-ID",
    "menu:settings:lockpickRemoveOnUse": "Item nach benutzung verlieren?",

    "menu:settings:robbable_accounts": "Ausraubare Accounts",
    "menu:settings:new_robbable_account": "Neuer Account",
    "menu:settings:canAlwaysCarryItem": "Kein Gewicht-Bypass?",
    "menu:settings:accounts_depositable_in_safe": "Im Tresor hinterlegbare Konten",
    "menu:settings:enable_cash_in_safes_old_esx": "Bargeld im Tresor für alte ESX-Version aktivieren?",

    "menu:settings:vehicle_reparation": "Fahrzeug Reparatur",
    "menu:settings:repair_vehicle_requires_item": "Reparatur benötigt Item?",
    "menu:settings:repair_vehicle_item_name": "Reparaturkasten Item-ID",
    "menu:settings:lose_fixkit_on_use": "Verliere Item beim benutzen?",

    "menu:settings:vehicle_cleaning": "Fahrzeuge waschen",
    "menu:settings:clean_vehicle_requires_item": "Fahrzeug waschen benötigt Item?",
    "menu:settings:clean_vehicle_item_name": "Fahrzeug Wäsche Item-ID",
    "menu:settings:lose_sponge_on_use": "Verliere Item beim benutzen?",

    "menu:settings:healing": "Heilen",
    "menu:settings:healing_requires_item": "Heilen benötigt Item?",
    "menu:settings:healing_item_name": "Heilen Item-ID",
    "menu:settings:lose_bandage_on_use": "Verliere Item beim benutzen?",

    "menu:settings:reviving": "Wiederbeleben",
    "menu:settings:reviving_requires_item": "Wiederbleben benötigt Item?",
    "menu:settings:reviving_item_name": "Wiederbeleben Item-ID",
    "menu:settings:lose_medikit_on_use": "Verliere Item beim benutzen?",

    "menu:settings:enable_property_outfits": "Fraktions Outfits in Kleiderkammer aktivieren?",

    "menu:settings:apply_changes": "Änderungen anwenden",
    "menu:settings:restore_default_config": "Standardkonfiguration wiederherstellen",
    "menu:are_you_sure_to_restore_settings": "Sind Sie sicher, dass Sie die Standardeinstellungen wiederherstellen wollen?",

    "menu:items_dialog:title": "Gegenstandsliste",
    "menu:items_dialog:search_item": "Suche Gegenstand",
    
    "menu:weapons_dialog:title": "Waffenliste",
    "menu:weapons_dialog:search_weapon": "Suche Waffe",

    "menu:dialog:choose_item": "Wähle Gegendstand",
    "menu:dialog:choose_weapon": "Wähle Waffe"
}