{
    "menu:jobs": "<i class=\"bi bi-briefcase-fill\"></i> Lavori",
    "menu:public_markers": "<i class=\"bi bi-suit-diamond-fill\"></i> Markers pubblici",
    "menu:statistics": "<i class=\"bi bi-bar-chart-fill\"></i> Statistiche",
    "menu:settings": "<i class=\"bi bi-gear-fill\"></i> Impostazioni",
    
    "menu:create_new_job": "Crea nuovo lavoro",

    "menu:job_label": "Nome lavoro",
    "menu:job_id": "ID lavoro",
    "menu:ranks": "Ranghi",

    "menu:create_new_marker": "Crea nuovo marker",

    "menu:marker:id": "ID",
    "menu:marker:label": "Nome",
    "menu:marker:type": "Tipo",
    "menu:marker:x": "X",
    "menu:marker:y": "Y",
    "menu:marker:z": "Z",
    "menu:marker:minimum_grade": "Grado minimo",

    "menu:online_players": "Giocatori online",
    "menu:total_players": "Tutti i giocatori",
    "menu:society_money": "Soldi società",

    "menu:job:ranks": "<i class=\"bi bi-briefcase-fill\"></i> Ranghi",
    "menu:job:markers": "<i class=\"bi bi-suit-diamond-fill\"></i> Markers",
    "menu:job:statistics": "<i class=\"bi bi-bar-chart-fill\"></i> Statistiche",
    "menu:job:settings": "<i class=\"bi bi-gear-fill\"></i> Impostazioni",

    "menu:create_new_rank": "Crea nuovo rango",

    "menu:rank:id": "ID",
    "menu:rank:label": "Nome mostrato",
    "menu:rank:name": "Nome",
    "menu:rank:grade": "Grado",
    "menu:rank:salary": "Salario",

    "menu:job_settings:whitelisted": "Whitelistato",
    "menu:job_settings:enable_billing": "Abilita fatture",
    "menu:job_settings:enable_search_players": "Abilita perquisizione",
    "menu:job_settings:enable_handcuff_players": "Abilita ammanettamento",
    "menu:job_settings:enable_lockpick_players": "Abilita scassinamento veicoli",
    "menu:job_settings:enable_wash_vehicles": "Abilita pulizia veicoli",
    "menu:job_settings:enable_repair_vehicles": "Abilita riparazione veicoli",
    "menu:job_settings:enable_impound_vehicles": "Abilita sequestro veicoli",
    "menu:job_settings:enable_check_identities": "Abilita check identities",
    "menu:job_settings:enable_check_vehicle_owner": "Abilita controllo proprietario veicolo",
    "menu:job_settings:enable_check_driving_license": "Abilita controllo patente",
    "menu:job_settings:enable_check_weapon_license": "Abilita controllo porto d'armi",

    "menu:job_settings:delete_job": "Cancella lavoro",
    "menu:job_settings:save_changes": "Applica modifiche",

    "menu:rank_creation:create_rank": "Crea rango",
    "menu:rank_creation:label": "Nome",
    "menu:rank_creation:name": "Nome (id)",
    "menu:rank_creation:grade": "Grado",
    "menu:rank_creation:salary": "Salario",
    "menu:rank_creation:close": "Chiudi",
    "menu:rank_creation:create": "Crea",
    
    "menu:rank_edit:edit": "Modifica rango",
    "menu:rank_edit:label": "Nome",
    "menu:rank_edit:name_id": "Nome (id)",
    "menu:rank_edit:grade": "Grado",
    "menu:rank_edit:salary": "Salario",
    "menu:rank_edit:delete": "Cancella",
    "menu:rank_edit:close": "Chiudi",
    "menu:rank_edit:save": "Salva",

    "menu:delete_dialog:delete": "Cancella",
    "menu:delete_dialog:close": "Chiudi",

    "menu:edit_marker:edit_marker": "Modifica marker",
    "menu:edit_marker:label": "Nome",
    "menu:edit_marker:marker_type": "Tipo marker",
    "menu:edit_marker:minimum_grade": "Grado minimo",
    "menu:edit_marker:specific_grades": "Gradi specifici",
    "menu:edit_marker:choose_grades": "Scegli gradi",
    "menu:edit_marker:use_minimum_grade": "Usa grado minimo",
    "menu:edit_marker:use_specific_grades": "Usa gradi specifici",
    "menu:edit_marker:marker_size": "Dimensioni marker",
    "menu:edit_marker:scale_x": "Scala X",
    "menu:edit_marker:scale_y": "Scala Y",
    "menu:edit_marker:scale_z": "Scala Z",
    "menu:edit_marker:marker_coordinates": "Coordinate marker",
    "menu:edit_marker:coord_x": "Coordinata X",
    "menu:edit_marker:coord_y": "Coordinata Y",
    "menu:edit_marker:coord_z": "Coordinata Z",
    "menu:edit_marker:current_coords": "Coordinate attuali",
    "menu:edit_marker:marker_color": "Colore marker",
    "menu:edit_marker:marker_opacity": "Trasparenza marker",
    "menu:edit_marker:map_blip": "Blip mappa",
    "menu:edit_marker:blip_sprite": "Sprite",
    "menu:edit_marker:blip_color": "Colore",
    "menu:edit_marker:blip_scale": "Scala",
    "menu:edit_marker:standing_npc": "NPC immobile",
    "menu:edit_marker:npc_model": "Modello",
    "menu:edit_marker:npc_heading": "Heading",
    "menu:edit_marker:npc_current_heading": "Heading attuale",
    "menu:edit_marker:object": "Oggetto",
    "menu:edit_marker:object_model": "Modello",
    "menu:edit_marker:object_rotation_pitch": "Pitch",
    "menu:edit_marker:object_rotation_roll": "Roll",
    "menu:edit_marker:object_rotation_yaw": "Yaw",

    "menu:grades_dialog:title": "Gradi lavoro",

    "menu:edit_marker:temporary_garage:vehicle_spawnpoint": "Punto di spawn veicolo",
    "menu:edit_marker:temporary_garage:spawnpoint_heading": "Heading punto di spawn",
    "menu:edit_marker:temporary_garage:current_cooords_and_heading": "Coordinate e heading attuali",
    "menu:edit_marker:temporary_garage:vehicle_model": "Modello veicolo",
    "menu:edit_marker:temporary_garage:vehicle_name": "Nome veicolo",
    "menu:edit_marker:temporary_garage:vehicle_primary_color": "Colore Primario",
    "menu:edit_marker:temporary_garage:vehicle_secondary_color": "Colore Secondario",
    "menu:edit_marker:temporary_garage:vehicle_plate": "Targa",
    "menu:edit_marker:temporary_garage:delete": "Cancella",
    "menu:edit_marker:temporary_garage:new_vehicle_model": "Nuovo modello veicolo",
    "menu:edit_marker:temporary_garage:cant_be_empty": "Non può essere vuoto",
    "menu:edit_marker:temporary_garage:add_vehicle": "Aggiungi veicolo",

    "menu:edit_marker:boss:can_wash_money": "Può pulire i soldi?",
    "menu:edit_marker:boss:return_percentage_after_wash": "Percentuale di ritorno dopo la pulizia",
    "menu:edit_marker:boss:add_money_to_society_account": "Aggiungi i soldi al conto della società",
    "menu:edit_marker:boss:can_withdraw_money": "Può ritirare i soldi?",
    "menu:edit_marker:boss:can_deposit_money": "Può depositare i soldi?",
    "menu:edit_marker:boss:can_manage_employees": "Può gestire i dipendenti?",
    "menu:edit_marker:boss:can_manage_wages": "Può gestire i salari dei ranghi?",

    "menu:edit_marker:shop:add_to_shop": "Aggiungi al negozio",
    "menu:edit_marker:shop:item_id": "ID item",
    "menu:edit_marker:shop:item_price": "Prezzo item",
    "menu:edit_marker:shop:black_money": "Soldi sporchi",
    "menu:edit_marker:shop:remove_item": "Rimuovi item",

    "menu:edit_marker:garage_buyable:vehicle_spawnpoint": "Punto di spawn veicolo",
    "menu:edit_marker:garage_buyable:spawnpoint_heading": "Heading punto di spawn",
    "menu:edit_marker:garage_buyable:current_cooords_and_heading": "Coordinate e heading attuali",
    "menu:edit_marker:garage_buyable:new_vehicle_model": "Nuovo modello veicolo",
    "menu:edit_marker:garage_buyable:add_vehicle": "Aggiungi veicolo",
    
    "menu:edit_marker:garage_owned:vehicle_spawnpoint": "Punto di spawn veicolo",
    "menu:edit_marker:garage_owned:spawnpoint_heading": "Heading punto di spawn",
    "menu:edit_marker:garage_owned:current_cooords_and_heading": "Coordinate e heading attuali",

    "menu:edit_marker:crafting_table:create_new_craft": "Crea nuovo craft",

    "menu:edit_marker:armory:is_armory_shared": "L'armeria è condivisa?",
    "menu:edit_marker:armory:max_ammo_when_take": "Massimo munizioni quando si ritira l'arma?",
    "menu:edit_marker:armory:delete_armory_content": "Cancella contenuto armeria",

    "menu:edit_marker:stash:delete_stash_content": "Cancella contenuto inventario",

    "menu:edit_marker:job_outfit:create_new_outfit": "Crea nuovo outfit",

    "menu:edit_marker:teleport:teleport_to": "Teletrasporto a",
    "menu:edit_marker:teleport:current_coords": "Coordinate attuali",

    "menu:edit_marker:market:item_id": "ID item",
    "menu:edit_marker:market:item_price": "Prezzo item",
    "menu:edit_marker:market:black_money": "Soldi sporchi?",
    "menu:edit_marker:market:time_to_sell": "Tempo per vendere",
    "menu:edit_marker:market:remove": "Rimuovi",
    "menu:edit_marker:market:add_item": "Aggiungi item",

    "menu:edit_marker:harvest:requires_a_tool": "Richiede uno strumento?",
    "menu:edit_marker:harvest:tool_to_harvest": "Strumento per raccogliere",
    "menu:edit_marker:harvest:lose_on_use": "Perdi all'utilizzo",
    "menu:edit_marker:harvest:quantity_to_lose": "Quantità da perdere",
    "menu:edit_marker:harvest:animations": "Animazioni",
    "menu:edit_marker:harvest:add_item": "Aggiungi oggetto",

    "menu:edit_marker:process:remove_item": "Rimuovi item",
    "menu:edit_marker:process:give_item": "Dai item",
    "menu:edit_marker:process:time_to_process": "Tempo per processare",
    "menu:edit_marker:process:animations": "Animazioni",

    "menu:edit_marker:weapon_upgrader:extended_clip": "Caricatore esteso",
    "menu:edit_marker:weapon_upgrader:drum_clip": "Caricatore a tamburo",
    "menu:edit_marker:weapon_upgrader:flashlight": "Torcia",
    "menu:edit_marker:weapon_upgrader:suppressor": "Silenziatore",
    "menu:edit_marker:weapon_upgrader:scope": "Mirino",
    "menu:edit_marker:weapon_upgrader:advanced_scope": "Mirino avanzato",
    "menu:edit_marker:weapon_upgrader:grip": "Impugnatura",
    "menu:edit_marker:weapon_upgrader:box_clip": "Caricatore a scatola",
    "menu:edit_marker:weapon_upgrader:luxary_finish": "Finitura di lusso",
    "menu:edit_marker:weapon_upgrader:default_tint": "Vernice predefinita",
    "menu:edit_marker:weapon_upgrader:green_tint": "Vernice verde",
    "menu:edit_marker:weapon_upgrader:gold_tint": "Vernice oro",
    "menu:edit_marker:weapon_upgrader:pink_tint": "Vernice rosa",
    "menu:edit_marker:weapon_upgrader:army_tint": "Vernice militare",
    "menu:edit_marker:weapon_upgrader:lspd_tint": "Vernice LSPD",
    "menu:edit_marker:weapon_upgrader:orange_tint": "Vernice arancione",
    "menu:edit_marker:weapon_upgrader:platinum_tint": "Vernice platino",

    "menu:edit_marker:job_shop:job_allowed_to_sell": "Lavoro che può vendere oggetti",
    "menu:edit_marker:job_shop:allowed_job": "Lavoro abilitato alla vendita",
    "menu:edit_marker:job_shop:minimum_grade": "Grado minimo per poter vendere",

    "menu:edit_marker:delete_marker": "Elimina marker",
    "menu:edit_marker:close": "Chiudi",
    "menu:edit_marker:save": "Salva",

    "menu:input_text:close": "Chiudi",
    "menu:input_text:confirm": "Conferma",

    "menu:notification:notification": "Notifica",
    "menu:notification:close": "Chiudi",

    "menu:not_allowed:you_are_not_allowed": "Non sei autorizzato ad usare questo menù",
    "menu:not_allowed:if_you_are_admin": "Se sei un admin, devi aggiungere il permesso ACE al tuo server.cfg",

    "menu:animations:animations": "Animazioni",
    "menu:animations:add_animation": "Aggiungi animazione",
    "menu:animations:close": "Chiudi",
    "menu:animations:save": "Salva",

    "menu:dynamic:create_new_job": "Crea nuovo lavoro",
    "menu:dynamic:new_job_label": "Nome nuovo lavoro:",
    "menu:dynamic:new_job_name": "ID nuovo lavoro:",

    "menu:dynamic:delete_job": "Elimina lavoro",
    "menu:dynamic:delete_job_confirm": "Sei sicuro di voler eliminare questo lavoro?",

    "menu:dynamic:job_markers:create_marker": "Crea marker",
    "menu:dynamic:job_markers:label": "Nome",
    "menu:dynamic:job_markers:coord_x": "Coordinata X",
    "menu:dynamic:job_markers:coord_y": "Coordinata Y",
    "menu:dynamic:job_markers:coord_z": "Coordinata Z",
    "menu:dynamic:job_markers:current_coords": "Coordinate attuali",
    "menu:dynamic:job_markers:min_grade": "Grado minimo",

    "menu:dynamic:public_markers:create_public_marker": "Crea marker pubblico",
    "menu:dynamic:public_markers:label": "Nome",
    "menu:dynamic:public_markers:coord_x": "Coordinata X",
    "menu:dynamic:public_markers:coord_y": "Coordinata Y",
    "menu:dynamic:public_markers:coord_z": "Coordinata Z",
    "menu:dynamic:public_markers:current_coords": "Coordinate attuali",
    
    "menu:dynamic:harvest:name": "Nome (ID)",
    "menu:dynamic:harvest:min_quantity": "Quantità minima",
    "menu:dynamic:harvest:max_quantity": "Quantità massima",
    "menu:dynamic:harvest:time_to_harvest": "Tempo per raccogliere (secondi)",
    "menu:dynamic:harvest:probabilty": "Probabilità di trovarlo",

    "menu:dynamic:default": "Predefinito",

    "menu:dynamic:animations:animation_dictionary": "Dizionario animazione:",
    "menu:dynamic:animations:animation_name": "Nome animazione:",
    "menu:dynamic:animations:animation_duration": "Durata animazione (secondi):",
    "menu:dynamic:animations:scenario_name": "Nome scenario",
    "menu:dynamic:animations:scenario_duration": "Durata scenario (secondi):",
    "menu:dynamic:animations:remove": "Rimuovi",

    "menu:dynamic:marker_info:stash": "Inventario",
    "menu:dynamic:marker_info:stash_settings": "Impostazioni inventario",
    "menu:dynamic:marker_info:armory": "Armeria",
    "menu:dynamic:marker_info:armory_settings": "Impostazioni armeria",
    "menu:dynamic:marker_info:safe": "Cassaforte",
    "menu:dynamic:marker_info:temporary_garage": "Garage temporaneo",
    "menu:dynamic:marker_info:temporary_garage_settings": "Impostazioni garage",
    "menu:dynamic:marker_info:garage_buyable": "Garage veicoli acquistabili",
    "menu:dynamic:marker_info:garage_buyable_settings": "Impostazioni garage",
    "menu:dynamic:marker_info:garage_owned": "Garage veicoli posseduti",
    "menu:dynamic:marker_info:garage_owned_settings": "Impostazioni garage",
    "menu:dynamic:marker_info:boss": "Boss",
    "menu:dynamic:marker_info:boss_settings": "Impostazioni boss",
    "menu:dynamic:marker_info:wardrobe": "Guardaroba - Outfit salvati dei giocatori",
    "menu:dynamic:marker_info:job_outfit": "Outfit lavoro",
    "menu:dynamic:marker_info:job_outfit_settings": "Outfits",
    "menu:dynamic:marker_info:shop": "Negozio (compra items)",
    "menu:dynamic:marker_info:shop_settings": "Items negozio",
    "menu:dynamic:marker_info:market": "Mercato (vendi items)",
    "menu:dynamic:marker_info:market_settings": "Items mercato",
    "menu:dynamic:marker_info:harvest": "Raccolta",
    "menu:dynamic:marker_info:harvest_settings": "Oggetti raccoglibili",
    "menu:dynamic:marker_info:process": "Processo",
    "menu:dynamic:marker_info:process_settings": "Oggetto processabile",
    "menu:dynamic:marker_info:crafting_table": "Tavola da lavoro",
    "menu:dynamic:marker_info:crafting_table_settings": "Ricette tavola da lavoro",
    "menu:dynamic:marker_info:teleport": "Punto teletrasporto",
    "menu:dynamic:marker_info:teleport_settings": "Impostazioni teletrasporto",
    "menu:dynamic:marker_info:weapon_upgrader": "Accessori armi",
    "menu:dynamic:marker_info:weapon_upgrader_settings": "Prezzi accessori/vernici",
    "menu:dynamic:marker_info:duty": "Dentro/Fuori servizio",
    "menu:dynamic:marker_info:job_shop": "Negozio del lavoro",
    "menu:dynamic:marker_info:job_shop_settings": "Impostazioni negozio",
    
    "menu:dynamic:marker:crafting_table:time_to_craft": "Tempo per craftare (secondi)",
    "menu:dynamic:marker:crafting_table:result_item": "Item da ottenere",
    "menu:dynamic:marker:crafting_table:quantity": "Quantità",
    "menu:dynamic:marker:crafting_table:item_id": "ID item",
    "menu:dynamic:marker:crafting_table:item_quantity": "Quantità item",
    "menu:dynamic:marker:crafting_table:lose_on_use": "Perdi con l'utilizzo",
    "menu:dynamic:marker:crafting_table:remove": "Rimuovi",
    "menu:dynamic:marker:crafting_table:animations": "Animazioni",
    "menu:dynamic:marker:crafting_table:add_to_craft": "Aggiungi alla ricetta",
    "menu:dynamic:marker:crafting_table:remove_craft": "Rimuovi ricetta",

    "menu:dynamic:marker:temporary_garage:delete": "Elimina",
    "menu:dynamic:marker:temporary_garage:random_plate": "Targa casuale",

    "menu:datatable:lengthMenu": "Mostra _MENU_ risultati",
    "menu:datatable:zeroRecords": "Nessun risultato",
    "menu:datatable:info": "Mostrando _PAGE_ di _PAGES_",
    "menu:datatable:infoEmpty": "Nessun risultato disponibile",
    "menu:datatable:infoFiltered": "(filtrati da _MAX_ risultati)",
    "menu:datatable:search": "Cerca:",
    "menu:datatable:next": "Prossimo",
    "menu:datatable:previous": "Precedente",

    "menu:chart:players_in_rank": "Giocatori nel rango",

    "menu:settings:player_menu_position": "Posizione menù giocatore",
    "menu:settings:player_menu_position:bottom_right": "In basso a destra",
    "menu:settings:player_menu_position:top_right": "In alto a destra",
    "menu:settings:player_menu_position:bottom_left": "In basso a sinistra",
    "menu:settings:player_menu_position:top_left": "In alto a sinistra",
    "menu:settings:max_distance_marker": "Distanza massima per vedere un marker",
    "menu:settings:use3Dtext": "Usa testo 3D invece dei markers",
    "menu:settings:text_size": "Dimensioni testo",
    "menu:settings:font_to_use": "Font da usare",
    "menu:settings:seconds_to_lockpick_car": "Secondi per scassinare una macchina",
    "menu:settings:vehicle_alarm": "Il veicolo dovrebbe avere un allarme quando viene scassinato?",
    "menu:settings:jsfour_idcard": "Usa lo script jsfour-idcard (se lo hai) per vedere le azioni controllo identità, veicolo e porto d'armi",
    "menu:settings:can_use_actions_off_duty": "Il giocatore può usare le azioni del menù F6 quando è fuori servizio?",
    "menu:settings:car_driving_licenses_ids": "ID patenti",
    "menu:settings:weapon_licenses_ids": "ID porto d'armi",
    "menu:settings:new_driving_license": "Nuova patente",
    "menu:settings:add": "Aggiungi",
    "menu:settings:new_weapon_license": "Nuovo porto d'armi",
    "menu:settings:can_sell_multiple_items": "Si possono vendere più oggetti contemporaneamente nel mercato?",
    "menu:settings:language": "Lingua",
    "menu:settings:allow_afk_farming": "Abilita raccolta e processo automatico",
    "menu:settings:unemployed_job_id": "ID lavoro disoccupato",
    "menu:settings:unemployed_job_grade": "Grado lavoro disoccupato",
    "menu:settings:ace_permission": "Permesso ACE",

    "menu:settings:enable_discord_logs": "Abilita logs su discord",
    "menu:settings:discord_webhooks": "Discord webhooks",
    "menu:settings:main_webhook": "Webhook principale",
    "menu:settings:separated_webhooks": "Webhooks separati",

    "menu:settings:handcuffs_requires_item": "Le manette richiedono l'item",
    "menu:settings:handcuffs_item_name": "ID item manette",

    "menu:settings:lockpick_requires_item": "Scassinare un veicolo richiede l'item",
    "menu:settings:lockpick_item_name": "ID item grimaldello",
    "menu:settings:lockpickRemoveOnUse": "Perdi grimaldello con l'utilizzo",

    "menu:settings:robbable_accounts": "Account derubabili",
    "menu:settings:new_robbable_account": "Nuovo account",
    "menu:settings:canAlwaysCarryItem": "Può sempre trasportare oggetti",
    "menu:settings:accounts_depositable_in_safe": "Accounts depositabili nella cassaforte",
    "menu:settings:enable_cash_in_safes_old_esx": "Abilita contante nella cassaforte per le vecchie versioni di ESX",

    "menu:settings:vehicle_reparation": "Riparazione veicolo",
    "menu:settings:repair_vehicle_requires_item": "Repair vehicle requires item",
    "menu:settings:repair_vehicle_item_name": "Fixkit item name",
    "menu:settings:lose_fixkit_on_use": "Lose fixkit on use",

    "menu:settings:vehicle_cleaning": "Pulizia veicolo",
    "menu:settings:clean_vehicle_requires_item": "Pulire un veicolo richiede l'item",
    "menu:settings:clean_vehicle_item_name": "ID item spugna",
    "menu:settings:lose_sponge_on_use": "Perdi spugna con l'utilizzo",

    "menu:settings:healing": "Cura",
    "menu:settings:healing_requires_item": "Curare richiede l'item",
    "menu:settings:healing_item_name": "ID item benda",
    "menu:settings:lose_bandage_on_use": "Perdi benda con l'utilizzo",

    "menu:settings:reviving": "Rianimazione",
    "menu:settings:reviving_requires_item": "Rianimare richiede l'item",
    "menu:settings:reviving_item_name": "ID item medikit",
    "menu:settings:lose_medikit_on_use": "Perdi medikit con l'utilizzo",

    "menu:settings:enable_property_outfits": "Abilita gli outifts delle proprietà",

    "menu:settings:apply_changes": "Applica modifiche",
    "menu:settings:restore_default_config": "Reimposta impostazioni predefinite",
    "menu:are_you_sure_to_restore_settings": "Sei sicuro di voler reimpostare le impostazioni predefinite?",

    "menu:items_dialog:title": "Lista items",
    "menu:items_dialog:search_item": "Cerca item",
    
    "menu:weapons_dialog:title": "Lista armi",
    "menu:weapons_dialog:search_weapon": "Cerca arma",

    "menu:dialog:choose_item": "Scegli item",
    "menu:dialog:choose_weapon": "Scegli weapon",

    "menu:settings:actions_menu_key": "Tasto per aprire menù azioni"
}