{
    "menu:jobs": "<i class=\"bi bi-briefcase-fill\"></i> Trabalhos",
    "menu:public_markers": "<i class=\"bi bi-suit-diamond-fill\"></i> Marcadores publicos",
    "menu:statistics": "<i class=\"bi bi-bar-chart-fill\"></i> Estatistica",
    "menu:settings": "<i class=\"bi bi-gear-fill\"></i> Definiçoes",

    "menu:create_new_job": "Criar novo trabalho",

    "menu:job_label": "Rotulo Trabalho",
    "menu:job_id": "ID Trabalho",
    "menu:ranks": "Postos",

    "menu:create_new_marker": "Criar Marcador",

    "menu:marker:id": "ID",
    "menu:marker:label": "Posto",
    "menu:marker:type": "tipo",
    "menu:marker:x": "X",
    "menu:marker:y": "Y",
    "menu:marker:z": "Z",
    "menu:marker:minimum_grade": "Posto minimo",

    "menu:online_players": "Jogadores",
    "menu:total_players": "Total Jogadores",
    "menu:society_money": "Dinheiro da sociedade",

    "menu:job:ranks": "<i class=\"bi bi-briefcase-fill\"></i> Postos",
    "menu:job:markers": "<i class=\"bi bi-suit-diamond-fill\"></i> mMrcadores",
    "menu:job:statistics": "<i class=\"bi bi-bar-chart-fill\"></i> Estatisticas",
    "menu:job:settings": "<i class=\"bi bi-gear-fill\"></i> Definicçoes",

    "menu:create_new_rank": "Criar novo ranck",

    "menu:rank:id": "ID",
    "menu:rank:label": "posto",
    "menu:rank:name": "Nome",
    "menu:rank:grade": "Categoria",
    "menu:rank:salary": "Salario",

    "menu:job_settings:whitelisted": "Lista Branca",
    "menu:job_settings:enable_billing": "Habilitar faturamento",
    "menu:job_settings:enable_search_players": "Habilitar roubar / pesquisar jogadores",
    "menu:job_settings:enable_handcuff_players": "Habilitar algemas de jogadores",
    "menu:job_settings:enable_lockpick_players": "Habilitar carros lockpick",
    "menu:job_settings:enable_wash_vehicles": "Habilitar lavar veiculos",
    "menu:job_settings:enable_repair_vehicles": "Habilitar reparar veiculos",
    "menu:job_settings:enable_impound_vehicles": "Habilitar apreender veiculos",
    "menu:job_settings:enable_check_identities": "Habilitar verificar identidade",
    "menu:job_settings:enable_check_vehicle_owner": "Habilitar verificar dono veiculo",
    "menu:job_settings:enable_check_driving_license": "Habilitar verificar carta conduçao",
    "menu:job_settings:enable_check_weapon_license": "Habilitar verificar porte armas",
    "menu:job_settings:enable_heal": "Ativar curar",
    "menu:job_settings:enable_revive": "Ativar reviver",

    "menu:job_settings:delete_job": "Apagar Trabalho",
    "menu:job_settings:save_changes": "Salvar",

    "menu:rank_creation:create_rank": "Criar ranck",
    "menu:rank_creation:label": "Posto",
    "menu:rank_creation:name": "Nome (id)",
    "menu:rank_creation:grade": "Categoria",
    "menu:rank_creation:salary": "Salario",
    "menu:rank_creation:close": "Fechar",
    "menu:rank_creation:create": "Criar",
    
    "menu:rank_edit:edit": "Editar rack",
    "menu:rank_edit:label": "Posto",
    "menu:rank_edit:name_id": "Nome (id)",
    "menu:rank_edit:grade": "Categoria",
    "menu:rank_edit:salary": "Salario",
    "menu:rank_edit:delete": "Apagar",
    "menu:rank_edit:close": "Fechar",
    "menu:rank_edit:save": "Salvar",

    "menu:delete_dialog:delete": "Apagar",
    "menu:delete_dialog:close": "Fechar",

    "menu:edit_marker:edit_marker": "Editar Marcado",
    "menu:edit_marker:label": "Posto",
    "menu:edit_marker:marker_type": "Tipo de marcador",
    "menu:edit_marker:minimum_grade": "Posto minimo",
    "menu:edit_marker:specific_grades": "Posto espesifico",
    "menu:edit_marker:choose_grades": "Escolher posto",
    "menu:edit_marker:use_minimum_grade": "Usar posto minimo",
    "menu:edit_marker:use_specific_grades": "Usar posto especifico",
    "menu:edit_marker:marker_size": "Tamanho marcado",
    "menu:edit_marker:scale_x": "tamanho X",
    "menu:edit_marker:scale_y": "tamanho Y",
    "menu:edit_marker:scale_z": "tamanho Z",
    "menu:edit_marker:marker_coordinates": "Cordenadas marcador",
    "menu:edit_marker:coord_x": "Coordenada X",
    "menu:edit_marker:coord_y": "Coordenada Y",
    "menu:edit_marker:coord_z": "Coordedana Z",
    "menu:edit_marker:current_coords": "Cordenada atual",
    "menu:edit_marker:marker_color": "Cor marcador",
    "menu:edit_marker:marker_opacity": "Opacidade marcador",
    "menu:edit_marker:map_blip": "Blip mapa",
    "menu:edit_marker:blip_sprite": "forma",
    "menu:edit_marker:blip_color": "Cor",
    "menu:edit_marker:blip_scale": "escala",
    "menu:edit_marker:standing_npc": "NPC",
    "menu:edit_marker:npc_model": "Modelo",
    "menu:edit_marker:npc_heading": "Cabeçalho",
    "menu:edit_marker:npc_current_heading": "cabeçalho atual",
    "menu:edit_marker:object": "Objeto",
    "menu:edit_marker:object_model": "Modelo",
    "menu:edit_marker:object_rotation_pitch": "Pitch",
    "menu:edit_marker:object_rotation_roll": "Roll",
    "menu:edit_marker:object_rotation_yaw": "Yaw",
    "menu:edit_marker:object_current_rotation": "Current rotation",

    "menu:grades_dialog:title": "categorias",

    "menu:edit_marker:temporary_garage:vehicle_spawnpoint": "Ponto de Spawn de Veículo",
    "menu:edit_marker:temporary_garage:spawnpoint_heading": "ponto de graus",
    "menu:edit_marker:temporary_garage:current_cooords_and_heading": "Coordenadas e cabeçalho atuais",
    "menu:edit_marker:temporary_garage:vehicle_model": "Modelo do veículo",
    "menu:edit_marker:temporary_garage:vehicle_name": "Nome do veiculo",
    "menu:edit_marker:temporary_garage:vehicle_primary_color": "cor primaria",
    "menu:edit_marker:temporary_garage:vehicle_secondary_color": "cor secundaria",
    "menu:edit_marker:temporary_garage:vehicle_plate": "placa",
    "menu:edit_marker:temporary_garage:delete": "apagar",
    "menu:edit_marker:temporary_garage:new_vehicle_model": "Novo modelo de veículo",
    "menu:edit_marker:temporary_garage:cant_be_empty": "Não pode estar vazio",
    "menu:edit_marker:temporary_garage:add_vehicle": "Adicionar veículo",

    "menu:edit_marker:boss:can_wash_money": "Pode lavar dinheiro?",
    "menu:edit_marker:boss:return_percentage_after_wash": "Percentagem de retorno após lavagem",
    "menu:edit_marker:boss:add_money_to_society_account": "Adicione dinheiro à conta da sociedade",
    "menu:edit_marker:boss:can_withdraw_money": "Pode retirar dinheiro?",
    "menu:edit_marker:boss:can_deposit_money": "Pode depositar dinheiro?",
    "menu:edit_marker:boss:can_manage_employees": "Pode gerenciar funcionários?",
    "menu:edit_marker:boss:can_manage_wages": "Pode gerenciar salários / notas?",

    "menu:edit_marker:shop:add_to_shop": "Adicionar a loja",
    "menu:edit_marker:shop:item_id": "id item",
    "menu:edit_marker:shop:item_price": "preço de item",
    "menu:edit_marker:shop:black_money": "dinheiro sujo",
    "menu:edit_marker:shop:remove_item": "Remover item",

    "menu:edit_marker:garage_buyable:vehicle_spawnpoint": "Ponto de Spawn de Veículo",
    "menu:edit_marker:garage_buyable:spawnpoint_heading": "Título do ponto de desova",
    "menu:edit_marker:garage_buyable:current_cooords_and_heading": "Coords e cabeçalho atuais",
    "menu:edit_marker:garage_buyable:new_vehicle_model": "Novo modelo de veículo",
    "menu:edit_marker:garage_buyable:add_vehicle": "adicionar veiculo",
    
    "menu:edit_marker:garage_owned:vehicle_spawnpoint": "Ponto de Spawn de Veículo",
    "menu:edit_marker:garage_owned:spawnpoint_heading": "Título do ponto de desova",
    "menu:edit_marker:garage_owned:current_cooords_and_heading": "Coords e cabeçalho atuais",

    "menu:edit_marker:crafting_table:create_new_craft": "criar novo craft",

    "menu:edit_marker:armory:is_armory_shared": "arsenal partilhado?",
    "menu:edit_marker:armory:max_ammo_when_take": "Munição máxima quando pegar?",
    "menu:edit_marker:armory:delete_armory_content": "Excluir o conteúdo do arsenal",

    "menu:edit_marker:stash:delete_stash_content": "Excluir conteúdo escondido",

    "menu:edit_marker:job_outfit:create_new_outfit": "Crie uma nova roupa",

    "menu:edit_marker:teleport:teleport_to": "Teleportar para",
    "menu:edit_marker:teleport:current_coords": "Coords atuais",

    "menu:edit_marker:market:item_id": "ID item",
    "menu:edit_marker:market:item_min_price": "Preço mínimo do item",
    "menu:edit_marker:market:item_max_price": "Preço maximo do item",
    "menu:edit_marker:market:black_money": "dinheiro sujo?",
    "menu:edit_marker:market:time_to_sell": "tempo pra vender",
    "menu:edit_marker:market:remove": "Removeer",
    "menu:edit_marker:market:add_item": "adicionar item",

    "menu:edit_marker:harvest:requires_a_tool": "precisa ferramente?",
    "menu:edit_marker:harvest:tool_to_harvest": "ferramenta para colher",
    "menu:edit_marker:harvest:lose_on_use": "perder ao usar",
    "menu:edit_marker:harvest:quantity_to_lose": "Quantidade ao perder",
    "menu:edit_marker:harvest:probability_to_lose": "Probabilidade de perder",
    "menu:edit_marker:harvest:disappear_after_use": "Disaparecer depois de usar",
    "menu:edit_marker:harvest:disappear_seconds": "Disappear seconds",
    "menu:edit_marker:harvest:animations": "animaçoes",
    "menu:edit_marker:harvest:add_item": "Adicionar item",

    "menu:edit_marker:process:remove_item": "Remover item",
    "menu:edit_marker:process:give_item": "Dar item",
    "menu:edit_marker:process:time_to_process": "tempo de processo",
    "menu:edit_marker:process:animations": "Animaçoes",

    "menu:edit_marker:weapon_upgrader:extended_clip": "Extended Clip",
    "menu:edit_marker:weapon_upgrader:drum_clip": "Drum Clip",
    "menu:edit_marker:weapon_upgrader:flashlight": "Flashlight",
    "menu:edit_marker:weapon_upgrader:suppressor": "Suppressor",
    "menu:edit_marker:weapon_upgrader:scope": "Scope",
    "menu:edit_marker:weapon_upgrader:advanced_scope": "Advanced Scope",
    "menu:edit_marker:weapon_upgrader:grip": "Grip",
    "menu:edit_marker:weapon_upgrader:box_clip": "Box Clip",
    "menu:edit_marker:weapon_upgrader:luxary_finish": "Luxary Finish",
    "menu:edit_marker:weapon_upgrader:default_tint": "Default tint",
    "menu:edit_marker:weapon_upgrader:green_tint": "Green tint",
    "menu:edit_marker:weapon_upgrader:gold_tint": "Gold tint",
    "menu:edit_marker:weapon_upgrader:pink_tint": "Pink tint",
    "menu:edit_marker:weapon_upgrader:army_tint": "Army tint",
    "menu:edit_marker:weapon_upgrader:lspd_tint": "LSPD tint",
    "menu:edit_marker:weapon_upgrader:orange_tint": "Orange tint",
    "menu:edit_marker:weapon_upgrader:platinum_tint": "Platinum tint",

    "menu:edit_marker:job_shop:job_allowed_to_sell": "Trabalho que pode colocar itens à venda",
    "menu:edit_marker:job_shop:allowed_job": "Trabalho permitido para vender",
    "menu:edit_marker:job_shop:minimum_grade": "Categoria mínima permitida para vender",

    "menu:edit_marker:delete_marker": "Apagar marcador",
    "menu:edit_marker:close": "fechar",
    "menu:edit_marker:save": "salvar",

    "menu:input_text:close": "fechar",
    "menu:input_text:confirm": "Confirmar",

    "menu:notification:notification": "Notificaçoes",
    "menu:notification:close": "fechar",

    "menu:not_allowed:you_are_not_allowed": "Você não tem permissão para usar este menu",
    "menu:not_allowed:if_you_are_admin": "Se você for um administrador de servidor, precisará adicionar permissão ACE ao seu server.cfg",

    "menu:animations:animations": "Animaçoes",
    "menu:animations:add_animation": "adicionar animaçoes",
    "menu:animations:close": "fechar",
    "menu:animations:save": "salvar",

    "menu:dynamic:create_new_job": "Criar novo emprego",
    "menu:dynamic:new_job_label": "Nova categoria de trabalho:",
    "menu:dynamic:new_job_name": "Novo nome trabalho (id):",

    "menu:dynamic:delete_job": "apagar trabalho",
    "menu:dynamic:delete_job_confirm": "Tem certeza que deseja deletar este trabalho?",

    "menu:dynamic:job_markers:create_marker": "criar marcador",
    "menu:dynamic:job_markers:label": "rotulo",
    "menu:dynamic:job_markers:coord_x": "Coord X",
    "menu:dynamic:job_markers:coord_y": "Coord Y",
    "menu:dynamic:job_markers:coord_z": "Coord Z",
    "menu:dynamic:job_markers:current_coords": "cordenada atual",
    "menu:dynamic:job_markers:min_grade": "categoria minima",

    "menu:dynamic:public_markers:create_public_marker": "criar marcador publico",
    "menu:dynamic:public_markers:label": "rotulo",
    "menu:dynamic:public_markers:coord_x": "Coord X",
    "menu:dynamic:public_markers:coord_y": "Coord Y",
    "menu:dynamic:public_markers:coord_z": "Coord Z",
    "menu:dynamic:public_markers:current_coords": "cordenada atual",

    "menu:dynamic:harvest:name": "Nome (ID)",
    "menu:dynamic:harvest:min_quantity": "quantidade minima",
    "menu:dynamic:harvest:max_quantity": "quantidade maxima",
    "menu:dynamic:harvest:time_to_harvest": "tempo para colher (segundos)",
    "menu:dynamic:harvest:probabilty": "Probablidade de encontrar",

    "menu:dynamic:default": "Defaulte",

    "menu:dynamic:animations:animation_dictionary": "Dicionário de animação:",
    "menu:dynamic:animations:animation_name": "Nome de animaçao:",
    "menu:dynamic:animations:animation_duration": "Duraçao de animaçao (segundos):",
    "menu:dynamic:animations:scenario_name": "Nome senario",
    "menu:dynamic:animations:scenario_duration": "Duraçao senario (segundos):",
    "menu:dynamic:animations:remove": "Remover",

    "menu:dynamic:marker_info:stash": "Armario",
    "menu:dynamic:marker_info:stash_settings": "definiçoes do armario",
    "menu:dynamic:marker_info:armory": "Arsenal",
    "menu:dynamic:marker_info:armory_settings": "definiçoes do arsenal",
    "menu:dynamic:marker_info:safe": "Cofre",
    "menu:dynamic:marker_info:temporary_garage": "Garagem - veiculos temporarios",
    "menu:dynamic:marker_info:temporary_garage_settings": "Definiçoes de garagem",
    "menu:dynamic:marker_info:garage_buyable": "Garagem - Veiculos de compra",
    "menu:dynamic:marker_info:garage_buyable_settings": "definiçoes de garagem",
    "menu:dynamic:marker_info:garage_owned": "Veículos próprios",
    "menu:dynamic:marker_info:garage_owned_settings": "Definiçoes de garagen",
    "menu:dynamic:marker_info:boss": "Chefe",
    "menu:dynamic:marker_info:boss_settings": "Definiçoes de chefe",
    "menu:dynamic:marker_info:wardrobe": "Guarda-roupa - Roupas salvas pelo jogador",
    "menu:dynamic:marker_info:job_outfit": "Roupa de trabalho",
    "menu:dynamic:marker_info:job_outfit_settings": "Roupas",
    "menu:dynamic:marker_info:shop": "Loja (comprar items)",
    "menu:dynamic:marker_info:shop_settings": "Loja de items",
    "menu:dynamic:marker_info:market": "mercado (vender items)",
    "menu:dynamic:marker_info:market_settings": "Mercado items",
    "menu:dynamic:marker_info:harvest": "Ponto para colher",
    "menu:dynamic:marker_info:harvest_settings": "Items para colher",
    "menu:dynamic:marker_info:process": "Ponto de porcesso",
    "menu:dynamic:marker_info:process_settings": "Processar item",
    "menu:dynamic:marker_info:crafting_table": "Mensa de craft",
    "menu:dynamic:marker_info:crafting_table_settings": "Items para craft",
    "menu:dynamic:marker_info:teleport": "Teleporte",
    "menu:dynamic:marker_info:teleport_settings": "definiçoes de teleporte",
    "menu:dynamic:marker_info:weapon_upgrader": "Melhorador de armas",
    "menu:dynamic:marker_info:weapon_upgrader_settings": "Preços de componentes / tintas",
    "menu:dynamic:marker_info:duty": "On/Off serviço",
    "menu:dynamic:marker_info:job_shop": "Loja trabalho",
    "menu:dynamic:marker_info:job_shop_settings": "definiçao de loja",

    "menu:dynamic:marker:crafting_table:time_to_craft": "tempo para criar (segundos)",
    "menu:dynamic:marker:crafting_table:result_item": "Item criado",
    "menu:dynamic:marker:crafting_table:quantity": "Quantitade",
    "menu:dynamic:marker:crafting_table:item_id": "Id item",
    "menu:dynamic:marker:crafting_table:item_quantity": "Quantidade de item",
    "menu:dynamic:marker:crafting_table:lose_on_use": "Perder ao usar",
    "menu:dynamic:marker:crafting_table:remove": "Removeer",
    "menu:dynamic:marker:crafting_table:animations": "Animaçoes",
    "menu:dynamic:marker:crafting_table:add_to_craft": "adicionar ao craft",
    "menu:dynamic:marker:crafting_table:remove_craft": "Remover craft",

    "menu:dynamic:marker:temporary_garage:delete": "Apagar",
    "menu:dynamic:marker:temporary_garage:random_plate": "Placa aleatória",

    "menu:datatable:lengthMenu": "Mostrar _MENU_ resultados",
    "menu:datatable:zeroRecords": "sem resultados",
    "menu:datatable:info": "Mostrar _PAGINA_ de _PAGINAS_",
    "menu:datatable:infoEmpty": "Nenhum resultado disponível",
    "menu:datatable:infoFiltered": "(filtrar por _MAXIMO_ resultado)",
    "menu:datatable:search": "Procurar:",
    "menu:datatable:next": "proximo",
    "menu:datatable:previous": "Anterior",

    "menu:chart:players_in_rank": "Jogadores na classificação",

    "menu:settings:player_menu_position": "Posição do menu do jogador",
    "menu:settings:player_menu_position:bottom_right": "Canto inferior direito",
    "menu:settings:player_menu_position:top_right": "Canto superior direito",
    "menu:settings:player_menu_position:bottom_left": "Inferior esquerdo",
    "menu:settings:player_menu_position:top_left": "Superior esquerdo",
    "menu:settings:max_distance_marker": "Distância máxima onde o marcador pode ser visto",
    "menu:settings:use3Dtext": "Use texto 3D em vez de marcadores",
    "menu:settings:text_size": "Tamanho do texto",
    "menu:settings:font_to_use": "Fonte para usar",
    "menu:settings:seconds_to_lockpick_car": "Segundos para destarncar um carro",
    "menu:settings:vehicle_alarm": "O veículo deve ter alarme ao selecionar o bloqueio?",
    "menu:settings:jsfour_idcard": "Use o script jsfour-idcard (se tiver) para ver o cartão de identificação do alvo na ação de verificação de identidade / licença de veículo / licença de arma",
    "menu:settings:can_use_actions_off_duty": "O jogador pode usar o menu de ações F6 quando está fora de serviço?",
    "menu:settings:car_driving_licenses_ids": "IDs de carteiras de habilitação de carro",
    "menu:settings:weapon_licenses_ids": "IDs de licenças de armas",
    "menu:settings:new_driving_license": "Nova carteira de habilitação",
    "menu:settings:add": "Adicionar",
    "menu:settings:new_weapon_license": "Nova licença de arma",
    "menu:settings:can_sell_multiple_items": "Pode vender vários itens de uma vez no mercado?",
    "menu:settings:language": "Lingua",
    "menu:settings:allow_afk_farming": "Habilitar colheita automática e cultivo de marcador de processo",
    "menu:settings:unemployed_job_id": "ID de trabalho desempregado",
    "menu:settings:unemployed_job_grade": "Grau de emprego desempregado",
    "menu:settings:ace_permission": "Permissão ACE",

    "menu:settings:enable_discord_logs": "Habilitar registros de discord",
    "menu:settings:discord_webhooks": "Webhooks do discord",
    "menu:settings:main_webhook": "Webhook pincipal",
    "menu:settings:separated_webhooks": "Webhooks separados",

    "menu:settings:handcuffs_requires_item": "Algemas requerem item",
    "menu:settings:handcuffs_item_name": "Nome do item de algemas",

    "menu:settings:lockpick_requires_item": "Veículo lockpick requer item",
    "menu:settings:lockpick_item_name": "Nome do item Lockpick",
    "menu:settings:lockpickRemoveOnUse": "Perder lockpick em uso",

    "menu:settings:robbable_accounts": "Contas que podem ser roubadas",
    "menu:settings:new_robbable_account": "Nova conta",
    "menu:settings:canAlwaysCarryItem": "Sempre pode carregar itens",
    "menu:settings:accounts_depositable_in_safe": "Contas depositáveis no cofre",
    "menu:settings:enable_cash_in_safes_old_esx": "Habilitar cash in safe para a versão ESX antiga",

    "menu:settings:vehicle_reparation": "Reparação de veículos",
    "menu:settings:repair_vehicle_requires_item": "Reparar o veículo requer item",
    "menu:settings:repair_vehicle_item_name": "Nome do item do fixkit",
    "menu:settings:lose_fixkit_on_use": "Perder o fixkit em uso",

    "menu:settings:vehicle_cleaning": "Limpeza de veículos",
    "menu:settings:clean_vehicle_requires_item": "Veículo limpo requer item",
    "menu:settings:clean_vehicle_item_name": "Nome do item esponja",
    "menu:settings:lose_sponge_on_use": "Perder a esponja ao usar",

    "menu:settings:healing": "Cura",
    "menu:settings:healing_requires_item": "A cura requer item",
    "menu:settings:healing_item_name": "Nome do item da bandagem",
    "menu:settings:lose_bandage_on_use": "Perder a bandagem ao usar",

    "menu:settings:reviving": "Reviver",
    "menu:settings:reviving_requires_item": "Reviver requer item",
    "menu:settings:reviving_item_name": "Medikit item nome",
    "menu:settings:lose_medikit_on_use": "Perder medikit em uso",

    "menu:settings:enable_property_outfits": "Ativar roupas de armazenamento de dados de propriedade no marcador de guarda-roupa",

    "menu:settings:apply_changes": "Aplicar mudanças",
    "menu:settings:restore_default_config": "Restaurar configuração padrão",
    "menu:are_you_sure_to_restore_settings": "Tem certeza de que deseja restaurar as configurações padrão?",

    "menu:items_dialog:title": "Lista de itens",
    "menu:items_dialog:search_item": "Item de pesquisa",
    
    "menu:weapons_dialog:title": "Lista de armas",
    "menu:weapons_dialog:search_weapon": "Procurar armas",

    "menu:dialog:choose_item": "Escolher item",
    "menu:dialog:choose_weapon": "Escolher arma"
}