{
    "menu:jobs": "<i class=\"bi bi-briefcase-fill\"></i> Joby",
    "menu:public_markers": "<i class=\"bi bi-suit-diamond-fill\"></i> Verejne markery",
    "menu:statistics": "<i class=\"bi bi-bar-chart-fill\"></i> Statistiky",
    "menu:settings": "<i class=\"bi bi-gear-fill\"></i> Nastavenia",

    "menu:create_new_job": "Vytvorit novy job",

    "menu:job_label": "Job popis",
    "menu:job_id": "Job ID",
    "menu:ranks": "Hodnosti",

    "menu:create_new_marker": "Vytovorit novy marker",

    "menu:marker:id": "ID",
    "menu:marker:label": "Popis",
    "menu:marker:type": "Typ",
    "menu:marker:x": "X",
    "menu:marker:y": "Y",
    "menu:marker:z": "Z",
    "menu:marker:minimum_grade": "Minimalna hodnost",

    "menu:online_players": "Online hraci",
    "menu:total_players": "Vsetci hraci",
    "menu:society_money": "Firemne peniaze",

    "menu:job:ranks": "<i class=\"bi bi-briefcase-fill\"></i> Hodnosti",
    "menu:job:markers": "<i class=\"bi bi-suit-diamond-fill\"></i> Markery",
    "menu:job:statistics": "<i class=\"bi bi-bar-chart-fill\"></i> Statistiky",
    "menu:job:settings": "<i class=\"bi bi-gear-fill\"></i> Nastavenia",

    "menu:create_new_rank": "Vytvorit novu hodnost",

    "menu:rank:id": "ID",
    "menu:rank:label": "Popis",
    "menu:rank:name": "Meno",
    "menu:rank:grade": "Hodnost",
    "menu:rank:salary": "Plat",

    "menu:job_settings:whitelisted": "Whitelisted Job",
    "menu:job_settings:enable_billing": "Povolit faktury",
    "menu:job_settings:enable_search_players": "Povolit okradanie a prehladavanie hracov",
    "menu:job_settings:enable_handcuff_players": "Povolit putanie hracov",
    "menu:job_settings:enable_lockpick_players": "Povolit vypacit zamok na vozidle",
    "menu:job_settings:enable_wash_vehicles": "Povolit umyvanie vozidla",
    "menu:job_settings:enable_repair_vehicles": "Povolit opravu vozidla",
    "menu:job_settings:enable_impound_vehicles": "Povolit odtiahnut vozidlo",
    "menu:job_settings:enable_check_identities": "Povolit zobrazenie ID",
    "menu:job_settings:enable_check_vehicle_owner": "Povolit zobrazenie majitela vozidla",
    "menu:job_settings:enable_check_driving_license": "Povolit zobrazenie vodicskeho preukazu",
    "menu:job_settings:enable_check_weapon_license": "Povolot zobrazenie zbrojneho preukazu",
    "menu:job_settings:enable_heal": "Povolit liecenie",
    "menu:job_settings:enable_revive": "Povolit ozivovanie",

    "menu:job_settings:delete_job": "Vymazat job",
    "menu:job_settings:save_changes": "Ulozit zmeny",

    "menu:rank_creation:create_rank": "Vytvorit hodnost",
    "menu:rank_creation:label": "Popis",
    "menu:rank_creation:name": "Meno (id)",
    "menu:rank_creation:grade": "Hodnost",
    "menu:rank_creation:salary": "Plat",
    "menu:rank_creation:close": "Zatvorit",
    "menu:rank_creation:create": "Vytvorit",
    
    "menu:rank_edit:edit": "Upravit hodnost",
    "menu:rank_edit:label": "Popis",
    "menu:rank_edit:name_id": "Meno (id)",
    "menu:rank_edit:grade": "Hodnost",
    "menu:rank_edit:salary": "Plat",
    "menu:rank_edit:delete": "Vymazat",
    "menu:rank_edit:close": "Zavri",
    "menu:rank_edit:save": "Ulozit",

    "menu:delete_dialog:delete": "Vymazat",
    "menu:delete_dialog:close": "Zavri",

    "menu:edit_marker:edit_marker": "Upravit marker",
    "menu:edit_marker:label": "Popis",
    "menu:edit_marker:marker_type": "Marker Typ",
    "menu:edit_marker:minimum_grade": "Minimalna Hodnost",
    "menu:edit_marker:specific_grades": "Specificka hodnost",
    "menu:edit_marker:choose_grades": "Vybrat hodnost",
    "menu:edit_marker:use_minimum_grade": "Pouzit minimalnu Hodnost",
    "menu:edit_marker:use_specific_grades": "Pouzit specificku hodnost",
    "menu:edit_marker:marker_size": "Marker velkost",
    "menu:edit_marker:scale_x": "Scale X",
    "menu:edit_marker:scale_y": "Scale Y",
    "menu:edit_marker:scale_z": "Scale Z",
    "menu:edit_marker:marker_coordinates": "Marker suradnice",
    "menu:edit_marker:coord_x": "Coord X",
    "menu:edit_marker:coord_y": "Coord Y",
    "menu:edit_marker:coord_z": "Coord Z",
    "menu:edit_marker:current_coords": "Aktualne suradnice",
    "menu:edit_marker:marker_color": "Marker farba",
    "menu:edit_marker:marker_opacity": "Marker vyraznost",
    "menu:edit_marker:map_blip": "Map blip",
    "menu:edit_marker:blip_sprite": "Sprite",
    "menu:edit_marker:blip_color": "Color",
    "menu:edit_marker:blip_scale": "Scale",
    "menu:edit_marker:standing_npc": "Stojace NPC",
    "menu:edit_marker:npc_model": "Model",
    "menu:edit_marker:npc_heading": "Heading",
    "menu:edit_marker:npc_current_heading": "Aktualny heading",
    "menu:edit_marker:object": "Object",
    "menu:edit_marker:object_model": "Model",
    "menu:edit_marker:object_rotation_pitch": "Pitch",
    "menu:edit_marker:object_rotation_roll": "Roll",
    "menu:edit_marker:object_rotation_yaw": "Yaw",

    "menu:grades_dialog:title": "Job hodnosti",

    "menu:edit_marker:temporary_garage:vehicle_spawnpoint": "Vozidlo Spawnpoint",
    "menu:edit_marker:temporary_garage:spawnpoint_heading": "Spawnpoint heading",
    "menu:edit_marker:temporary_garage:current_cooords_and_heading": "Aktualne suradnice a heading",
    "menu:edit_marker:temporary_garage:vehicle_model": "Vozidlo Model",
    "menu:edit_marker:temporary_garage:vehicle_name": "Vozidlo Name",
    "menu:edit_marker:temporary_garage:vehicle_primary_color": "Primarna Farba",
    "menu:edit_marker:temporary_garage:vehicle_secondary_color": "Sekundarna Farba",
    "menu:edit_marker:temporary_garage:vehicle_plate": "Znacka",
    "menu:edit_marker:temporary_garage:delete": "Vymazat",
    "menu:edit_marker:temporary_garage:new_vehicle_model": "Nove vozidlo model",
    "menu:edit_marker:temporary_garage:cant_be_empty": "Nemoze byt prazdne",
    "menu:edit_marker:temporary_garage:add_vehicle": "Pridat vozidlo",

    "menu:edit_marker:boss:can_wash_money": "Moze vyprat peniaze?",
    "menu:edit_marker:boss:return_percentage_after_wash": "Precento navratnosti po vyprani",
    "menu:edit_marker:boss:add_money_to_society_account": "Pridaj peniaze do firmy",
    "menu:edit_marker:boss:can_withdraw_money": "Vybrat peniaze?",
    "menu:edit_marker:boss:can_deposit_money": "Vlozit penmiaze?",
    "menu:edit_marker:boss:can_manage_employees": "Upravovat zamestnancov?",
    "menu:edit_marker:boss:can_manage_wages": "Uprava platu a hodnosti?",
    "menu:edit_marker:boss:maximum_salary": "Maximalna vyplata",

    "menu:edit_marker:shop:add_to_shop": "Pridat do shopu",
    "menu:edit_marker:shop:item_id": "Item ID",
    "menu:edit_marker:shop:item_price": "Item Cena",
    "menu:edit_marker:shop:black_money": "Spinave peniaze",
    "menu:edit_marker:shop:remove_item": "Odstranit item",

    "menu:edit_marker:garage_buyable:vehicle_spawnpoint": "Vozidlo Spawnpoint",
    "menu:edit_marker:garage_buyable:spawnpoint_heading": "Spawnpoint heading",
    "menu:edit_marker:garage_buyable:current_cooords_and_heading": "Aktualne suradnice a heading",
    "menu:edit_marker:garage_buyable:new_vehicle_model": "Nove vozidlo model",
    "menu:edit_marker:garage_buyable:add_vehicle": "Pridaj vozidlo",
    
    "menu:edit_marker:garage_owned:vehicle_spawnpoint": "Vozidlo Spawnpoint",
    "menu:edit_marker:garage_owned:spawnpoint_heading": "Spawnpoint heading",
    "menu:edit_marker:garage_owned:current_cooords_and_heading": "Aktualne suradnice a heading",

    "menu:edit_marker:crafting_table:create_new_craft": "Vytvorit craftenie",

    "menu:edit_marker:armory:is_armory_shared": "Zdielana zbrojnica?",
    "menu:edit_marker:armory:max_ammo_when_take": "Maximalna municia pri vybere?",
    "menu:edit_marker:armory:delete_armory_content": "Vymazat obsah zbrojnice",

    "menu:edit_marker:stash:delete_stash_content": "Vymazat obsah ",

    "menu:edit_marker:job_outfit:create_new_outfit": "Vytvorit novy outfit",

    "menu:edit_marker:teleport:teleport_to": "Teleport na",
    "menu:edit_marker:teleport:current_coords": "Aktualne suradnice",

    "menu:edit_marker:market:item_id": "Item ID",
    "menu:edit_marker:market:item_min_price": "Item minimalna cena",
    "menu:edit_marker:market:item_max_price": "Item maximalna cena",
    "menu:edit_marker:market:black_money": "Spinave peniaze?",
    "menu:edit_marker:market:time_to_sell": "Cas predaja",
    "menu:edit_marker:market:remove": "Odstranit",
    "menu:edit_marker:market:add_item": "Pridat item",
    "menu:edit_marker_market:society_percentage": "Percento, ktore dostane frakcia",

    "menu:edit_marker:harvest:requires_a_tool": "Potrebny nastroj?",
    "menu:edit_marker:harvest:tool_to_harvest": "Nastroj na zber",
    "menu:edit_marker:harvest:lose_on_use": "Strata pri pouziti",
    "menu:edit_marker:harvest:quantity_to_lose": "Mnozstvo",
    "menu:edit_marker:harvest:probability_to_lose": "Pravdepodobnost straty",
    "menu:edit_marker:harvest:disappear_after_use": "Po pouziti zmizne",
    "menu:edit_marker:harvest:disappear_seconds": "Zmniznut sekundy",
    "menu:edit_marker:harvest:animations": "Animacie",
    "menu:edit_marker:harvest:add_item": "Pridat item",

    "menu:edit_marker:process:remove_item": "Odstranit item",
    "menu:edit_marker:process:give_item": "Dat item",
    "menu:edit_marker:process:time_to_process": "Cas procesu",
    "menu:edit_marker:process:animations": "Animacie",

    "menu:edit_marker:weapon_upgrader:extended_clip": "Extended Clip",
    "menu:edit_marker:weapon_upgrader:drum_clip": "Drum Clip",
    "menu:edit_marker:weapon_upgrader:flashlight": "Flashlight",
    "menu:edit_marker:weapon_upgrader:suppressor": "Suppressor",
    "menu:edit_marker:weapon_upgrader:scope": "Scope",
    "menu:edit_marker:weapon_upgrader:advanced_scope": "Advanced Scope",
    "menu:edit_marker:weapon_upgrader:grip": "Grip",
    "menu:edit_marker:weapon_upgrader:box_clip": "Box Clip",
    "menu:edit_marker:weapon_upgrader:luxary_finish": "Luxary Finish",
    "menu:edit_marker:weapon_upgrader:default_tint": "Default tint",
    "menu:edit_marker:weapon_upgrader:green_tint": "Green tint",
    "menu:edit_marker:weapon_upgrader:gold_tint": "Gold tint",
    "menu:edit_marker:weapon_upgrader:pink_tint": "Pink tint",
    "menu:edit_marker:weapon_upgrader:army_tint": "Army tint",
    "menu:edit_marker:weapon_upgrader:lspd_tint": "LSPD tint",
    "menu:edit_marker:weapon_upgrader:orange_tint": "Orange tint",
    "menu:edit_marker:weapon_upgrader:platinum_tint": "Platinum tint",

    "menu:edit_marker:job_shop:job_allowed_to_sell": "Job ktory moze predavat veci",
    "menu:edit_marker:job_shop:allowed_job": "Povolene joby predaja",
    "menu:edit_marker:job_shop:minimum_grade": "Minimalna hodnost",

    "menu:edit_marker:delete_marker": "Vymazat marker",
    "menu:edit_marker:close": "Zatvorit",
    "menu:edit_marker:save": "Ulozit",

    "menu:input_text:close": "Zatvorit",
    "menu:input_text:confirm": "Potvrdit",

    "menu:notification:notification": "Notifikacie",
    "menu:notification:close": "Zatvorit",

    "menu:not_allowed:you_are_not_allowed": "Na poutzivanie menu nemate potrebne opravnenie",
    "menu:not_allowed:if_you_are_admin": "Ak ste admin pridajte povolenia /add ACE/ do suboru server.cfg",

    "menu:animations:animations": "Animacie",
    "menu:animations:add_animation": "Pridat animaciu",
    "menu:animations:close": "Zatvorit",
    "menu:animations:save": "Ulozit",

    "menu:dynamic:create_new_job": "Vytvorit novy job",
    "menu:dynamic:new_job_label": "Novy job popis:",
    "menu:dynamic:new_job_name": "Meno jobu (id):",

    "menu:dynamic:delete_job": "Vymazat job",
    "menu:dynamic:delete_job_confirm": "Naozaj chcete vymazat job?",

    "menu:dynamic:job_markers:create_marker": "Vytvorit marker",
    "menu:dynamic:job_markers:label": "Popis",
    "menu:dynamic:job_markers:coord_x": "Coord X",
    "menu:dynamic:job_markers:coord_y": "Coord Y",
    "menu:dynamic:job_markers:coord_z": "Coord Z",
    "menu:dynamic:job_markers:current_coords": "Aktualne suradnice",
    "menu:dynamic:job_markers:min_grade": "Minimalna hodnost",

    "menu:dynamic:public_markers:create_public_marker": "Vytvorit verejny marker",
    "menu:dynamic:public_markers:label": "Popis",
    "menu:dynamic:public_markers:coord_x": "Coord X",
    "menu:dynamic:public_markers:coord_y": "Coord Y",
    "menu:dynamic:public_markers:coord_z": "Coord Z",
    "menu:dynamic:public_markers:current_coords": "Aktualne suradnice",

    "menu:dynamic:harvest:name": "Meno (ID)",
    "menu:dynamic:harvest:min_quantity": "Minimalne mnozstvo",
    "menu:dynamic:harvest:max_quantity": "Maximalne mnozstvo",
    "menu:dynamic:harvest:time_to_harvest": "Cas zbierania (sekundy)",
    "menu:dynamic:harvest:probabilty": "Pravdepodobnost najdenia",

    "menu:dynamic:default": "Predvolene",

    "menu:dynamic:animations:animation_dictionary": "Animacia nastavenie:",
    "menu:dynamic:animations:animation_name": "Animacia meno:",
    "menu:dynamic:animations:animation_duration": "Animacia trvanie (sekundy):",
    "menu:dynamic:animations:scenario_name": "Scenario nazov",
    "menu:dynamic:animations:scenario_duration": "Scenario trvanie (sekundy):",
    "menu:dynamic:animations:remove": "Odstranit",

    "menu:dynamic:marker_info:stash": "Sklad",
    "menu:dynamic:marker_info:stash_settings": "Sklad nastavenia",
    "menu:dynamic:marker_info:armory": "Zbrojnica",
    "menu:dynamic:marker_info:armory_settings": "Zbrojnica nastavenie",
    "menu:dynamic:marker_info:safe": "Trezor",
    "menu:dynamic:marker_info:temporary_garage": "Garaz - Job vozidla",
    "menu:dynamic:marker_info:temporary_garage_settings": "Garaz nastavenia",
    "menu:dynamic:marker_info:garage_buyable": "Garaz - Kupitelne vozidla",
    "menu:dynamic:marker_info:garage_buyable_settings": "Garaz nastavenia",
    "menu:dynamic:marker_info:garage_owned": "Vlastnene vozidla",
    "menu:dynamic:marker_info:garage_owned_settings": "Garaz nastavenia",
    "menu:dynamic:marker_info:boss": "Boss",
    "menu:dynamic:marker_info:boss_settings": "Boss nastavenia",
    "menu:dynamic:marker_info:wardrobe": "Satnik - Hrac ulozene outfity",
    "menu:dynamic:marker_info:job_outfit": "Job Outfit",
    "menu:dynamic:marker_info:job_outfit_settings": "Outfity",
    "menu:dynamic:marker_info:shop": "Obchod (Kupit itemy)",
    "menu:dynamic:marker_info:shop_settings": "Obchod itemy",
    "menu:dynamic:marker_info:market": "Obchod (Predaj itemov)",
    "menu:dynamic:marker_info:market_settings": "Obchod itemy",
    "menu:dynamic:marker_info:harvest": "Zbieranie point",
    "menu:dynamic:marker_info:harvest_settings": "Itemy na zber",
    "menu:dynamic:marker_info:process": "Vyroba point",
    "menu:dynamic:marker_info:process_settings": "Vyroba item",
    "menu:dynamic:marker_info:crafting_table": "Pracovny stolik",
    "menu:dynamic:marker_info:crafting_table_settings": "Vytvaranie nastavenia",
    "menu:dynamic:marker_info:teleport": "Teleport point",
    "menu:dynamic:marker_info:teleport_settings": "Teleport nastavenia",
    "menu:dynamic:marker_info:weapon_upgrader": "Zbrane uprava",
    "menu:dynamic:marker_info:weapon_upgrader_settings": "Ceny komponentov/odtienov",
    "menu:dynamic:marker_info:duty": "On/Off Duty",
    "menu:dynamic:marker_info:job_shop": "Job Obchod",
    "menu:dynamic:marker_info:job_shop_settings": "Obchod nastavenia",

    "menu:dynamic:marker:crafting_table:time_to_craft": "Cas vyroby (sekundy)",
    "menu:dynamic:marker:crafting_table:result_item": "Vysledny item",
    "menu:dynamic:marker:crafting_table:quantity": "Mnozstvo",
    "menu:dynamic:marker:crafting_table:item_id": "Item ID",
    "menu:dynamic:marker:crafting_table:item_quantity": "Item mnozstvo",
    "menu:dynamic:marker:crafting_table:lose_on_use": "Stratenie po pouziti",
    "menu:dynamic:marker:crafting_table:remove": "Odstranit",
    "menu:dynamic:marker:crafting_table:animations": "Animacie",
    "menu:dynamic:marker:crafting_table:add_to_craft": "Pridat do vyroby",
    "menu:dynamic:marker:crafting_table:remove_craft": "Odstranit z vyroby",

    "menu:dynamic:marker:temporary_garage:delete": "Vymazat",
    "menu:dynamic:marker:temporary_garage:random_plate": "Nahodna znacka",

    "menu:datatable:lengthMenu": "Zobrazenie _MENU_ vysledky",
    "menu:datatable:zeroRecords": "Ziadne vysledky",
    "menu:datatable:info": "Zobrazenie _STRANKA_ z _STRANOK_",
    "menu:datatable:infoEmpty": "Nie su ziadne vysledky",
    "menu:datatable:infoFiltered": "(filtracia z _MAX_ vysledkov)",
    "menu:datatable:search": "Hladaj:",
    "menu:datatable:next": "Dalej",
    "menu:datatable:previous": "Spat",

    "menu:chart:players_in_rank": "Hraci v poradi",

    "menu:settings:player_menu_position": "Hrac menu pozicia",
    "menu:settings:player_menu_position:bottom_right": "Vpravo dole",
    "menu:settings:player_menu_position:top_right": "Vpravo hore",
    "menu:settings:player_menu_position:right": "V pravo",
    "menu:settings:player_menu_position:bottom_left": "Vlavo dole",
    "menu:settings:player_menu_position:top_left": "Vlavo hore",
    "menu:settings:player_menu_position:left": "Vlavo",
    "menu:settings:max_distance_marker": "Maximalny distanc markeru",
    "menu:settings:use3Dtext": "Pouzit 3D text na markery",
    "menu:settings:text_size": "Text velkost",
    "menu:settings:font_to_use": "Pismo",
    "menu:settings:seconds_to_lockpick_car": "Pocet sekund na vypacenie zamku",
    "menu:settings:vehicle_alarm": "Ma mat vozidlo spusteny alarm pocas pacenia?",
    "menu:settings:jsfour_idcard": "Na zobrazenie ID karty pouzite skript jsfour-idcard (ak ho mate).",
    "menu:settings:can_use_actions_off_duty": "Moze pouzivat hrac F6 menu ak je off duty?",
    "menu:settings:car_driving_licenses_ids": "ID vodicskeho preukazu",
    "menu:settings:weapon_licenses_ids": "ID zbrojnych preukazov",
    "menu:settings:new_driving_license": "Nova vodicska licencia",
    "menu:settings:add": "Pridat",
    "menu:settings:new_weapon_license": "Nova zbrojna licencia",
    "menu:settings:can_sell_multiple_items": "Moze predavat viacero poloziek a itemov naraz?",
    "menu:settings:language": "Jazyk",
    "menu:settings:allow_afk_farming": "Zapnute automatickeho zberu a spracovania",
    "menu:settings:unemployed_job_id": "ID nezamestnaneho zamestnania",
    "menu:settings:unemployed_job_grade": "Nezamestnany job hodnosti",
    "menu:settings:ace_permission": "ACE povolenia",

    "menu:settings:enable_discord_logs": "Polvolit discord logy",
    "menu:settings:discord_webhooks": "Discord webhooky",
    "menu:settings:main_webhook": "Hlavny webhook",
    "menu:settings:separated_webhooks": "Oddelene webhooky",

    "menu:settings:handcuffs_requires_item": "Putanie potrebny item",
    "menu:settings:handcuffs_item_name": "Puta item nazov",
    "menu:settings:freeze_when_handcuffed": "Freeze hraca po sputani",

    "menu:settings:lockpick_requires_item": "Vypacovanie zamku na vozidle potrebny item",
    "menu:settings:lockpick_item_name": "Lockpick item nazov",
    "menu:settings:lockpickRemoveOnUse": "Stratit lockpick po pouziti",

    "menu:settings:robbable_accounts": "Robbable ucty",
    "menu:settings:new_robbable_account": "Novy ucet",
    "menu:settings:canAlwaysCarryItem": "Vzdy moze nosit itemy",
    "menu:settings:accounts_depositable_in_safe": "Peniaze ulozene v trezore",
    "menu:settings:enable_cash_in_safes_old_esx": "Povolte peniaze v trezore pre starsiu verziu ESX",

    "menu:settings:vehicle_reparation": "Vozidla opravy",
    "menu:settings:repair_vehicle_requires_item": "Opravovat vozidlo iba s itemom",
    "menu:settings:repair_vehicle_item_name": "Fixkit item nazov",
    "menu:settings:lose_fixkit_on_use": "Vymazat fixkit item po pouzity",

    "menu:settings:vehicle_cleaning": "Vozidlo umyvanie",
    "menu:settings:clean_vehicle_requires_item": "Umyt vozidlo iba s itemom",
    "menu:settings:clean_vehicle_item_name": "Spongia nazov",
    "menu:settings:lose_sponge_on_use": "Vymazat spongiu item po pouziti",

    "menu:settings:healing": "Liecenie",
    "menu:settings:healing_requires_item": "Liecenie potrebny item",
    "menu:settings:healing_item_name": "Bandaz nazov itemu",
    "menu:settings:lose_bandage_on_use": "Vymazat spongiu po puziti",

    "menu:settings:reviving": "Ozivenie hraca",
    "menu:settings:reviving_requires_item": "Ozivenie hraca potreby item",
    "menu:settings:reviving_item_name": "Medikit item nazov",
    "menu:settings:lose_medikit_on_use": "Vymazat medikit po pouziti",

    "menu:settings:enable_property_outfits": "Povolit outfity v property",

    "menu:settings:apply_changes": "Aplikovat zmeny",
    "menu:settings:restore_default_config": "Obnovit defaultne nastavenia",
    "menu:are_you_sure_to_restore_settings": "Naozaj chces obnovit defaultne nastavenia?",

    "menu:items_dialog:title": "Itemy zoznam",
    "menu:items_dialog:search_item": "Hladaj item",
    
    "menu:weapons_dialog:title": "Zbrane zoznam",
    "menu:weapons_dialog:search_weapon": "Hladaj zbran",

    "menu:dialog:choose_item": "Vybrat item",
    "menu:dialog:choose_weapon": "Vybrat zbran",

    "menu:settings:actions_menu_key": "Klavesnica pre akcne menu",

    "menu:settings:park_all_owned_vehicles_on_restart": "Zaparkovat vsetky vozidla do garaze po restarte",

    "menu:account_name": "Ucet nazov",
    "menu:accounts_dialog:title": "Ucet zoznam",
    "menu:minimum_amount": "Minimalna suma",
    
    "menu:edit_marker:requires_minimum_account_money": "Vyzadovat mininimum penazi na ucte?"
}